description;texture
a0087147;refrescos
a0021965;refrescos
a0086924;refrescos
a0086760;refrescos
a0021384;refrescos
a0020018;refrescos
a0020235;refrescos
a0086903;refrescos
a8122;refrescos
a8127;refrescos
a9203;refrescos
a8495;refrescos
a0211;congelats
a0209;congelats
a0232;congelats
a0244;congelats
a0377;congelats
a0405;congelats
a0302;congelats
a0226;congelats
a0225;congelats
a0370;congelats
a0320;congelats
a0206;congelats
a0218;congelats
a0245;congelats
a5129;congelats
a5128;congelats
a0404;congelats
a0361;congelats
a0223;congelats
a0242;congelats
a0322;congelats
a0236;congelats
a7587;conserves
a9144;conserves
a8136;conserves
a7650;conserves
a8187;conserves
a7654;conserves
a0087846;conserves
a0020647;conserves
a7616;conserves
a7692;conserves
a0010016;conserves
a0020088;conserves
a0091272;conserves
a0091463;conserves
a7382;cereals
a7381;cereals
a8215;cereals
a8213;cereals
a8214;cereals
a8216;cereals
a8077;cereals
a6699;cereals
a6295;cereals
a5983;cereals
a7589;cereals
a7630;cereals
a7629;cereals
a7620;cereals
a8454;galetes
a8455;galetes
a9372;galetes
a8092;galetes
a3040;galetes
a7790;galetes
a8947;galetes
a7740;galetes
a8443;galetes
a8153;galetes
a7579;galetes
a8086;galetes
a7582;galetes
a8496;galetes
a8155;xips
a8466;xips
a7755;xips
a9281;xips
a9108;xips
a7771;xips
a7759;aigua
a7760;aigua
a7762;aigua
a8427;aigua
a7613;aigua
a7665;aigua
a7614;aigua
a7641;llet
a7639;llet
a7660;llet
a8366;llet
a7678;llet
a7550;llet
a7551;llet
a7552;llet
a7596;salses
a8331;salses
a7876;salses
a7765;salses
a8084;salses
a7696;salses
a8434;salses
a7838;drogueria
a7842;drogueria
a9469;drogueria
a7840;drogueria
a8134;drogueria
a8296;drogueria
a8435;drogueria
a9296;drogueria
a8477;drogueria
a7835;drogueria
a8133;drogueria
a8000;drogueria
a8963;drogueria
a8436;drogueria
a3028;bolleria
a8111;bolleria
a8177;bolleria
a9127;bolleria
a7683;bolleria
a3487;bolleria
a8437;bolleria
a8380;bolleria
a8110;bolleria
a8417;bolleria
a7742;pa
a7741;pa
a8269;pa
a3484;pa
a8114;pa
a3066;pa
a8447;pa
a8433;pa
a8171;pa
a7632;pa
a8224;pa
a8138;pa
a6408;pa
a7824;pa
a7787;pa
a7882;pa
a9318;pa
a6400;pa
a9288;iogurts
a8402;iogurts
a8229;iogurts
a3091;iogurts
a1642;iogurts
a1647;iogurts
a9068;iogurts
a9050;iogurts
a3073;iogurts
a3067;iogurts
a1620;iogurts
a7633;iogurts
a1618;iogurts
a2089;iogurts
a2606;verdura
a2567;verdura
a2880;verdura
a2687;verdura
a2503;verdura
a2564;verdura
a2884;verdura
a2656;verdura
a2737;verdura
a2876;verdura
a2912;verdura
a2707;verdura
a2925;verdura
a2352;verdura
a2060;verdura
a2046;verdura
a2099;verdura
a2350;verdura
a2008;verdura
a2131;verdura
a2212;verdura
a2221;verdura
a2223;verdura
a2007;verdura
a2061;verdura
a2111;verdura
a2535;verdura
a2255;verdura
a2752;embotits_cuinats
a2716;embotits_cuinats
a2760;embotits_cuinats
a2545;embotits_cuinats
a2543;embotits_cuinats
a5540;embotits_cuinats
a6641;embotits_cuinats
a7043;embotits_cuinats
a5882;embotits_cuinats
a7068;embotits_cuinats
a5962;embotits_cuinats
a7044;embotits_cuinats
a5861;embotits_cuinats
a2021;embotits_cuinats
a2459;fruits_secs
a2454;fruits_secs
a2453;fruits_secs
a2407;fruits_secs
a2400;fruits_secs
a2422;fruits_secs
a2443;fruits_secs
a2442;fruits_secs
a2412;fruits_secs
a8921;embotits
a7338;embotits
a7537;embotits
a5724;embotits
a5955;embotits
a5839;embotits
a8923;embotits
a5835;embotits
a5572;embotits
a5898;pernils
a7437;pernils
a7294;pernils
a4180;pernils
a7369;pernils
a6330;ous
a6252;ous
a6255;ous
a3248;ous
a6217;ous
a6253;ous
a6251;ous
a0088024;automovil
a0090927;automovil
a0088096;automovil
a0091693;automovil
a9196;caramels
a6407;caramels
a8397;caramels
a1624;formatges
a1623;formatges
a1602;formatges
a1641;formatges
a1628;formatges
a8485;formatges
a8411;formatges
a1608;formatges
a7885;formatges
a7883;formatges
a8507;formatges
a5932;formatges
a5858;elaborats
a5797;elaborats
a7516;elaborats
a8922;elaborats
a6628;elaborats
a5865;elaborats
a6117;elaborats
a5824;elaborats
a5877;elaborats
a4496;elaborats
a4493;elaborats
a8183;elaborats
a4294;carn
a1808;carn
a4354;carn
a1811;carn
a4346;carn
a1817;carn
a7070;carn
a1810;carn
a4481;carn
a1834;carn
a4181;carn
a1813;carn
a4514;carn
a1822;carn
a4355;carn
a1801;carn
a4487;carn
a5037;carn
a4512;carn
a5031;carn
a4490;carn
a5102;carn
a3580;carn
a5920;carn
a3222;carn
a5190;carn
a5361;carn
a5370;carn
a5177;carn
a5179;carn
a5498;carn
a5233;carn
a5318;carn
a5304;carn
a3524;carn
a5870;carn
a5902;carn
a6100;carn
a6102;carn
a5907;carn
a6143;carn
a6294;carn
a6449;carn
a6551;carn
a6649;carn
a6534;carn
a6500;carn
a6170;carn
a7747;bodega
a7744;bodega
a9373;bodega
a7663;bodega
a7662;bodega
a8099;bodega
a7848;bodega
a8264;bodega
a0020829;bodega
a0020830;bodega
a0086975;bodega
a8175;bodega
a0021857;bodega
a0021803;bodega